{"No.":232,"RunTime":"00.38.47","ACCESS_TECH":4,"CELL_RSSI":-77,"CELL_QUAL":43,"CNO":27,"LAT":22.50613983,"LON":113.91840333}
{"No.":233,"RunTime":"00.38.57","ACCESS_TECH":4,"CELL_RSSI":-79,"CELL_QUAL":43,"CNO":27,"LAT":22.50627767,"LON":113.91840933}
{"No.":234,"RunTime":"00.39.07","ACCESS_TECH":4,"CELL_RSSI":-84,"CELL_QUAL":19,"CNO":24,"LAT":22.50631067,"LON":113.91846500}
{"No.":235,"RunTime":"00.39.17","ACCESS_TECH":4,"CELL_RSSI":-84,"CELL_QUAL":37,"CNO":24,"LAT":22.50634500,"LON":113.91846150}
{"No.":236,"RunTime":"00.39.27","ACCESS_TECH":4,"CELL_RSSI":-79,"CELL_QUAL":43,"CNO":24,"LAT":22.50637717,"LON":113.91846833}
{"No.":237,"RunTime":"00.39.37","ACCESS_TECH":4,"CELL_RSSI":-75,"CELL_QUAL":43,"CNO":22,"LAT":22.50637083,"LON":113.91849917}
{"No.":238,"RunTime":"00.39.47","ACCESS_TECH":4,"CELL_RSSI":-75,"CELL_QUAL":37,"CNO":22,"LAT":22.50638983,"LON":113.91850100}
{"No.":239,"RunTime":"00.39.57","ACCESS_TECH":4,"CELL_RSSI":-75,"CELL_QUAL":37,"CNO":22,"LAT":22.50640650,"LON":113.91854050}
{"No.":240,"RunTime":"00.40.07","ACCESS_TECH":4,"CELL_RSSI":-76,"CELL_QUAL":37,"CNO":23,"LAT":22.50641867,"LON":113.91853600}
{"No.":241,"RunTime":"00.40.17","ACCESS_TECH":4,"CELL_RSSI":-72,"CELL_QUAL":37,"CNO":23,"LAT":22.50661650,"LON":113.91859000}
{"No.":242,"RunTime":"00.40.27","ACCESS_TECH":4,"CELL_RSSI":-71,"CELL_QUAL":43,"CNO":23,"LAT":22.50684133,"LON":113.91865900}
{"No.":243,"RunTime":"00.40.37","ACCESS_TECH":4,"CELL_RSSI":-71,"CELL_QUAL":37,"CNO":24,"LAT":22.50712100,"LON":113.91875067}
{"No.":244,"RunTime":"00.40.47","ACCESS_TECH":4,"CELL_RSSI":-71,"CELL_QUAL":37,"CNO":24,"LAT":22.50737417,"LON":113.91886633}
{"No.":245,"RunTime":"00.40.57","ACCESS_TECH":4,"CELL_RSSI":-71,"CELL_QUAL":43,"CNO":24,"LAT":22.50765167,"LON":113.91893450}
{"No.":246,"RunTime":"00.41.07","ACCESS_TECH":4,"CELL_RSSI":-71,"CELL_QUAL":43,"CNO":28,"LAT":22.50790383,"LON":113.91906883}
{"No.":247,"RunTime":"00.41.17","ACCESS_TECH":4,"CELL_RSSI":-71,"CELL_QUAL":43,"CNO":28,"LAT":22.50817083,"LON":113.91915867}
{"No.":248,"RunTime":"00.41.27","ACCESS_TECH":4,"CELL_RSSI":-73,"CELL_QUAL":37,"CNO":28,"LAT":22.50853700,"LON":113.91930650}
{"No.":249,"RunTime":"00.41.37","ACCESS_TECH":4,"CELL_RSSI":-76,"CELL_QUAL":37,"CNO":28,"LAT":22.50887717,"LON":113.91944183}
{"No.":250,"RunTime":"00.41.47","ACCESS_TECH":4,"CELL_RSSI":-77,"CELL_QUAL":37,"CNO":28,"LAT":22.50923317,"LON":113.91963333}
{"No.":251,"RunTime":"00.41.57","ACCESS_TECH":4,"CELL_RSSI":-79,"CELL_QUAL":37,"CNO":28,"LAT":22.50958717,"LON":113.91985150}
{"No.":252,"RunTime":"00.42.07","ACCESS_TECH":4,"CELL_RSSI":-79,"CELL_QUAL":37,"CNO":26,"LAT":22.50991267,"LON":113.92013100}
{"No.":253,"RunTime":"00.42.17","ACCESS_TECH":4,"CELL_RSSI":-79,"CELL_QUAL":37,"CNO":26,"LAT":22.51023083,"LON":113.92027150}
{"No.":254,"RunTime":"00.42.27","ACCESS_TECH":4,"CELL_RSSI":-81,"CELL_QUAL":37,"CNO":26,"LAT":22.51053850,"LON":113.92043317}
{"No.":255,"RunTime":"00.42.37","ACCESS_TECH":4,"CELL_RSSI":-79,"CELL_QUAL":13,"CNO":28,"LAT":22.51097883,"LON":113.92066367}
{"No.":256,"RunTime":"00.42.47","ACCESS_TECH":4,"CELL_RSSI":-80,"CELL_QUAL":7,"CNO":28,"LAT":22.51134817,"LON":113.92076050}
{"No.":257,"RunTime":"00.42.57","ACCESS_TECH":4,"CELL_RSSI":-80,"CELL_QUAL":25,"CNO":28,"LAT":22.51190550,"LON":113.92100533}
{"No.":258,"RunTime":"00.43.07","ACCESS_TECH":4,"CELL_RSSI":-77,"CELL_QUAL":25,"CNO":27,"LAT":22.51257633,"LON":113.92110500}
{"No.":259,"RunTime":"00.43.17","ACCESS_TECH":4,"CELL_RSSI":-79,"CELL_QUAL":25,"CNO":27,"LAT":22.51315100,"LON":113.92125550}
{"No.":260,"RunTime":"00.43.27","ACCESS_TECH":4,"CELL_RSSI":-76,"CELL_QUAL":37,"CNO":27,"LAT":22.51350033,"LON":113.92133933}
{"No.":261,"RunTime":"00.43.37","ACCESS_TECH":4,"CELL_RSSI":-71,"CELL_QUAL":43,"CNO":25,"LAT":22.51400050,"LON":113.92150917}
{"No.":262,"RunTime":"00.43.47","ACCESS_TECH":4,"CELL_RSSI":-71,"CELL_QUAL":43,"CNO":25,"LAT":22.51450167,"LON":113.92167967}
{"No.":263,"RunTime":"00.43.57","ACCESS_TECH":4,"CELL_RSSI":-73,"CELL_QUAL":37,"CNO":25,"LAT":22.51495167,"LON":113.92178100}
{"No.":264,"RunTime":"00.44.07","ACCESS_TECH":4,"CELL_RSSI":-75,"CELL_QUAL":25,"CNO":27,"LAT":22.51544883,"LON":113.92184683}
{"No.":265,"RunTime":"00.44.17","ACCESS_TECH":4,"CELL_RSSI":-75,"CELL_QUAL":25,"CNO":27,"LAT":22.51582417,"LON":113.92200950}
{"No.":266,"RunTime":"00.44.27","ACCESS_TECH":4,"CELL_RSSI":-76,"CELL_QUAL":25,"CNO":27,"LAT":22.51623100,"LON":113.92208983}
{"No.":267,"RunTime":"00.44.37","ACCESS_TECH":4,"CELL_RSSI":-76,"CELL_QUAL":37,"CNO":33,"LAT":22.51665167,"LON":113.92211800}
{"No.":268,"RunTime":"00.44.47","ACCESS_TECH":4,"CELL_RSSI":-79,"CELL_QUAL":19,"CNO":33,"LAT":22.51705867,"LON":113.92218350}
{"No.":269,"RunTime":"00.44.57","ACCESS_TECH":4,"CELL_RSSI":-77,"CELL_QUAL":25,"CNO":33,"LAT":22.51729883,"LON":113.92220883}
{"No.":270,"RunTime":"00.45.07","ACCESS_TECH":4,"CELL_RSSI":-76,"CELL_QUAL":43,"CNO":28,"LAT":22.51732667,"LON":113.92220367}
{"No.":271,"RunTime":"00.45.17","ACCESS_TECH":4,"CELL_RSSI":-77,"CELL_QUAL":37,"CNO":28,"LAT":22.51735233,"LON":113.92219483}
{"No.":272,"RunTime":"00.45.27","ACCESS_TECH":4,"CELL_RSSI":-79,"CELL_QUAL":37,"CNO":28,"LAT":22.51735767,"LON":113.92219233}
{"No.":273,"RunTime":"00.45.37","ACCESS_TECH":4,"CELL_RSSI":-76,"CELL_QUAL":37,"CNO":25,"LAT":22.51740267,"LON":113.92221017}
{"No.":274,"RunTime":"00.45.47","ACCESS_TECH":4,"CELL_RSSI":-76,"CELL_QUAL":37,"CNO":25,"LAT":22.51748550,"LON":113.92224883}
{"No.":275,"RunTime":"00.45.57","ACCESS_TECH":4,"CELL_RSSI":-71,"CELL_QUAL":43,"CNO":25,"LAT":22.51770950,"LON":113.92239700}
{"No.":276,"RunTime":"00.46.07","ACCESS_TECH":4,"CELL_RSSI":-73,"CELL_QUAL":37,"CNO":39,"LAT":22.51766767,"LON":113.92248067}
{"No.":277,"RunTime":"00.46.17","ACCESS_TECH":4,"CELL_RSSI":-76,"CELL_QUAL":37,"CNO":39,"LAT":22.51766233,"LON":113.92251467}
{"No.":278,"RunTime":"00.46.27","ACCESS_TECH":4,"CELL_RSSI":-76,"CELL_QUAL":37,"CNO":39,"LAT":22.51769583,"LON":113.92254233}
{"No.":279,"RunTime":"00.46.37","ACCESS_TECH":4,"CELL_RSSI":-75,"CELL_QUAL":37,"CNO":38,"LAT":22.51775083,"LON":113.92256333}
{"No.":280,"RunTime":"00.46.47","ACCESS_TECH":4,"CELL_RSSI":-73,"CELL_QUAL":37,"CNO":38,"LAT":22.51776483,"LON":113.92257900}
{"No.":281,"RunTime":"00.46.57","ACCESS_TECH":4,"CELL_RSSI":-75,"CELL_QUAL":37,"CNO":38,"LAT":22.51778767,"LON":113.92258383}
{"No.":282,"RunTime":"00.47.07","ACCESS_TECH":4,"CELL_RSSI":-71,"CELL_QUAL":37,"CNO":38,"LAT":22.51799833,"LON":113.92257033}
{"No.":283,"RunTime":"00.47.17","ACCESS_TECH":4,"CELL_RSSI":-75,"CELL_QUAL":25,"CNO":38,"LAT":22.51824167,"LON":113.92247233}
{"No.":284,"RunTime":"00.47.27","ACCESS_TECH":4,"CELL_RSSI":-75,"CELL_QUAL":25,"CNO":38,"LAT":22.51827800,"LON":113.92232633}
{"No.":285,"RunTime":"00.47.37","ACCESS_TECH":4,"CELL_RSSI":-75,"CELL_QUAL":37,"CNO":30,"LAT":22.51835217,"LON":113.92226200}
{"No.":286,"RunTime":"00.47.47","ACCESS_TECH":4,"CELL_RSSI":-73,"CELL_QUAL":25,"CNO":30,"LAT":22.51841283,"LON":113.92220250}
{"No.":287,"RunTime":"00.47.57","ACCESS_TECH":4,"CELL_RSSI":-73,"CELL_QUAL":43,"CNO":30,"LAT":22.51844183,"LON":113.92214650}
{"No.":288,"RunTime":"00.48.07","ACCESS_TECH":4,"CELL_RSSI":-77,"CELL_QUAL":37,"CNO":26,"LAT":22.51845750,"LON":113.92210650}
{"No.":289,"RunTime":"00.48.17","ACCESS_TECH":4,"CELL_RSSI":-73,"CELL_QUAL":43,"CNO":26,"LAT":22.51848867,"LON":113.92207383}
{"No.":290,"RunTime":"00.48.27","ACCESS_TECH":4,"CELL_RSSI":-72,"CELL_QUAL":37,"CNO":26,"LAT":22.51844583,"LON":113.92208450}
{"No.":291,"RunTime":"00.48.37","ACCESS_TECH":4,"CELL_RSSI":-72,"CELL_QUAL":25,"CNO":31,"LAT":22.51833400,"LON":113.92198150}
{"No.":292,"RunTime":"00.48.47","ACCESS_TECH":4,"CELL_RSSI":-73,"CELL_QUAL":43,"CNO":31,"LAT":22.51850050,"LON":113.92161717}
{"No.":293,"RunTime":"00.48.57","ACCESS_TECH":4,"CELL_RSSI":-71,"CELL_QUAL":37,"CNO":31,"LAT":22.51874983,"LON":113.92113350}
{"No.":294,"RunTime":"00.49.07","ACCESS_TECH":4,"CELL_RSSI":-71,"CELL_QUAL":37,"CNO":31,"LAT":22.51888600,"LON":113.92097850}
{"No.":295,"RunTime":"00.49.17","ACCESS_TECH":4,